{"cameraMode":{"drawMode":0,"name":"Shaded","section":"Shading Mode"},"sceneLighting":true,"audioPlay":false,"sceneViewState":{"showFog":true,"showMaterialUpdate":false,"showSkybox":true,"showFlares":true,"showImageEffects":true,"showParticleSystems":true},"in2DMode":false,"pivot":{"x":7.67487907409668,"y":12.439003944396973,"z":51.300804138183597},"rotation":{"x":0.020550964400172235,"y":-0.7081252336502075,"z":0.7055789232254028,"w":0.020578762516379358},"size":71.44026947021485,"orthographic":false}