{"cameraMode":{"drawMode":0,"name":"Shaded","section":"Shading Mode"},"sceneLighting":true,"audioPlay":false,"sceneViewState":{"showFog":true,"showMaterialUpdate":false,"showSkybox":true,"showFlares":true,"showImageEffects":true,"showParticleSystems":true},"in2DMode":false,"pivot":{"x":-15.92676830291748,"y":25.656314849853517,"z":29.243797302246095},"rotation":{"x":-0.017403727397322656,"y":-0.9364637136459351,"z":0.34736329317092898,"w":-0.046978600323200229},"size":571.2520751953125,"orthographic":false}