{"cameraMode":{"drawMode":0,"name":"Shaded","section":"Shading Mode"},"sceneLighting":true,"audioPlay":false,"sceneViewState":{"showFog":true,"showMaterialUpdate":false,"showSkybox":true,"showFlares":true,"showImageEffects":true,"showParticleSystems":true},"in2DMode":false,"pivot":{"x":-3.0033793449401857,"y":-38.31454086303711,"z":13.574172973632813},"rotation":{"x":0.020550964400172235,"y":-0.7081252336502075,"z":0.7055789232254028,"w":0.020578762516379358},"size":74.73706817626953,"orthographic":false}