{"cameraMode":{"drawMode":0,"name":"Shaded","section":"Shading Mode"},"sceneLighting":true,"audioPlay":false,"sceneViewState":{"showFog":true,"showMaterialUpdate":false,"showSkybox":true,"showFlares":true,"showImageEffects":true,"showParticleSystems":true},"in2DMode":false,"pivot":{"x":65.35186767578125,"y":26.307649612426759,"z":-58.56895446777344},"rotation":{"x":0.000759269401896745,"y":0.5236572623252869,"z":0.0004870038537774235,"w":-0.8519772291183472},"size":-18.975969314575197,"orthographic":false}